{"cameraMode":{"drawMode":0,"name":"Shaded","section":"Shading Mode"},"sceneLighting":true,"audioPlay":false,"sceneViewState":{"m_AlwaysRefresh":false,"showFog":true,"showSkybox":true,"showFlares":true,"showImageEffects":true,"showParticleSystems":true,"showVisualEffectGraphs":true,"m_FxEnabled":true},"in2DMode":false,"pivot":{"x":-1.660894513130188,"y":34.315303802490237,"z":116.14961242675781},"rotation":{"x":0.12521867454051972,"y":0.13958869874477387,"z":-0.01778119057416916,"w":0.9821370840072632},"size":0.6548745632171631,"orthographic":false}